{"A": {"5.877388876023093": [-38.8, -38.7, -39.2, -39.1, -38.4, -39.2, -39.4, -38.0, -38.3, -38.8], "7.403418129485866": [-41.9, -40.9, -41.2, -40.9, -41.0, -41.2, -40.7, -40.8, -40.7, -40.8], "9.307185396240907": [-46.9, -47.1, -46.9, -47.2, -46.9, -47.2, -47.3, -47.3, -47.3, -46.9], "6.548870131557045": [-38.9, -39.1, -39.2, -39.2, -39.0, -39.0, -39.1, -39.0, -38.9, -38.9], "6.595126988921441": [-39.4, -39.3, -39.7, -39.4, -39.9, -40.5, -39.8, -39.9, -39.6, -39.2], "5.625984358314552": [-34.0, -34.7, -34.8, -34.2, -34.1, -33.8, -34.1, -34.8, -34.8, -34.0], "7.055756515073348": [-42.6, -43.4, -42.1, -42.5, -42.8, -43.2, -43.0, -42.6, -43.2, -43.1], "7.054339090233755": [-35.0, -35.5, -35.1, -35.9, -34.7, -35.8, -36.2, -35.4, -35.9, -35.4], "11.117850511677156": [-48.3, -46.7, -46.1, -45.3, -45.0, -45.6, -46.6, -46.1, -45.6, -45.5], "6.915504320004435": [-41.0, -42.3, -41.0, -41.0, -40.9, -40.5, -40.6, -40.0, -41.2, -40.4], "5.447173579022428": [-45.7, -45.5, -43.9, -46.1, -44.8, -44.6, -44.3, -44.0, -45.0, -44.2], "11.187251673221622": [-47.3, -47.8, -48.5, -47.9, -48.3, -47.8, -49.5, -50.7, -50.4, -50.7], "8.13484480491177": [-47.4, -47.1, -46.7, -48.0, -47.5, -46.1, -46.1, -46.2, -48.1, -48.3], "14.618433568614662": [-52.7, -53.4, -53.4, -52.9, -53.2, -52.5, -53.0, -53.8, -53.0, -53.3], "3.798907737758315": [-36.1, -37.1, -36.9, -35.8, -36.5, -36.6, -35.2, -35.1, -34.7, -35.4], "6.104727676153948": [-51.0, -51.5, -50.8, -51.0, -50.0, -51.9, -51.3, -50.9, -51.0, -50.9], "8.230899100341347": [-35.2, -35.7, -35.7, -35.0, -35.0, -35.1, -35.3, -35.0, -34.8, -35.0], "7.415638880096576": [-35.0, -35.3, -34.8, -35.7, -34.2, -34.3, -34.2, -34.6, -34.2, -34.1], "7.108283899789034": [-40.8, -40.6, -40.9, -39.8, -40.0, -41.9, -44.9, -45.0, -45.0, -43.9], "13.441525211076309": [-44.7, -44.5, -44.1, -44.0, -44.3, -44.4, -44.5, -44.6, -44.9, -44.2], "2.4816526751340526": [-38.4, -38.2, -38.1, -39.0, -38.8, -38.8, -38.6, -38.6, -38.8, -38.7], "7.557155549543757": [-45.8, -44.1, -43.6, -43.6, -42.5, -44.6, -47.9, -46.7, -46.7, -47.4], "9.023064889492927": [-42.3, -42.9, -43.6, -44.3, -43.8, -43.5, -44.9, -43.9, -42.7, -43.4]}, "C": {"5.828799190227778": [-44.2, -44.3, -43.5, -44.5, -44.1, -44.4, -46.4, -45.1, -45.0, -44.6], "10.030498492098983": [-41.5, -41.5, -40.9, -41.0, -40.8, -41.4, -40.7, -40.0, -40.4, -40.4], "7.605511159678882": [-53.3, -54.0, -55.0, -54.3, -52.3, -52.1, -52.8, -52.9, -52.8, -53.1], "8.080525972979729": [-41.8, -41.3, -39.7, -41.3, -41.0, -41.6, -41.3, -41.8, -41.9, -42.0], "8.247357152445867": [-51.4, -51.6, -52.1, -52.4, -52.5, -51.9, -51.9, -52.6, -52.5, -53.6], "6.781430527550953": [-32.4, -32.4, -32.5, -32.2, -32.5, -32.5, -32.4, -32.4, -32.0, -32.5], "2.163284539768174": [-27.9, -27.9, -28.0, -28.0, -28.0, -28.0, -28.0, -28.0, -28.0, -28.0], "3.4488983748437705": [-43.5, -43.0, -42.2, -41.8, -41.6, -40.7, -42.5, -44.1, -40.5, -43.7], "6.796388746974381": [-38.5, -38.5, -38.5, -38.3, -38.3, -38.3, -38.0, -38.6, -38.2, -38.5], "12.245154143578594": [-46.9, -46.9, -47.1, -47.4, -47.8, -48.0, -48.1, -47.9, -48.0, -48.6], "4.794048393581358": [-36.7, -35.6, -35.1, -35.2, -34.5, -34.2, -34.0, -34.8, -34.8, -34.6], "7.740012919885858": [-44.5, -42.4, -42.3, -42.8, -42.1, -43.7, -46.1, -46.0, -45.6, -44.9], "8.037344088689995": [-49.2, -49.7, -49.0, -49.6, -49.2, -49.7, -49.1, -49.0, -49.2, -49.6], "6.115136956765563": [-50.3, -49.4, -49.3, -50.3, -50.4, -49.9, -49.8, -50.5, -49.6, -49.9], "8.493933129004489": [-50.3, -49.5, -49.7, -49.0, -49.0, -49.3, -51.5, -53.4, -52.8, -53.1], "0.9536246641105713": [-25.8, -25.8, -25.6, -25.9, -25.8, -25.9, -25.9, -25.8, -26.3, -26.2], "13.060773330856025": [-49.3, -49.0, -49.0, -48.7, -48.8, -48.5, -48.0, -48.8, -48.3, -48.7], "14.373023342359117": [-51.4, -52.0, -51.6, -50.9, -51.7, -51.7, -52.4, -51.5, -51.4, -51.1], "6.152308509819708": [-38.1, -38.3, -38.2, -38.4, -38.0, -37.9, -38.1, -37.8, -38.0, -38.1], "5.2762581437985006": [-38.3, -38.9, -38.3, -38.3, -39.0, -38.8, -38.7, -38.9, -38.7, -38.6], "9.79381947965144": [-50.0, -49.4, -49.5, -49.6, -50.1, -50.0, -49.7, -50.0, -49.6, -49.1], "1.5795252451290545": [-28.9, -29.0, -29.3, -29.0, -28.9, -28.9, -29.0, -29.0, -29.2, -29.2], "4.276786176558281": [-39.1, -39.5, -39.8, -39.5, -40.0, -40.2, -40.1, -40.0, -40.3, -40.1]}, "B": {"8.849440660290343": [-47.3, -46.8, -47.6, -46.8, -47.6, -52.3, -51.8, -50.7, -50.5, -50.4], "5.721494559990422": [-33.8, -33.0, -33.0, -32.9, -32.5, -32.8, -33.0, -33.0, -32.9, -33.0], "13.603551006998135": [-48.2, -48.3, -48.2, -48.0, -48.3, -47.7, -47.9, -48.1, -46.7, -48.2], "8.328541288845244": [-44.9, -46.0, -47.6, -46.7, -46.7, -47.2, -49.7, -48.3, -45.9, -48.0], "7.268053384503996": [-45.4, -45.2, -45.7, -46.3, -46.1, -46.4, -46.9, -47.2, -46.4, -45.1], "2.428888634746353": [-27.8, -28.0, -28.0, -28.0, -28.0, -28.0, -28.0, -28.0, -28.0, -28.0], "5.667856737780163": [-40.5, -40.1, -40.6, -40.2, -40.5, -39.9, -40.3, -40.0, -40.4, -41.3], "5.511760154433428": [-34.3, -34.7, -34.9, -35.0, -35.0, -35.0, -35.0, -34.9, -35.3, -34.9], "7.833045384778514": [-46.3, -47.2, -47.9, -47.4, -47.3, -47.5, -48.2, -46.5, -45.7, -46.8], "9.058509811221711": [-46.2, -46.4, -46.3, -46.0, -44.9, -45.0, -46.1, -45.4, -45.1, -45.3], "11.03356243468083": [-37.0, -36.9, -37.4, -37.6, -36.5, -37.3, -37.6, -37.3, -37.5, -37.3], "13.512494218315137": [-42.0, -42.7, -42.6, -42.4, -42.5, -42.8, -42.2, -43.0, -42.1, -42.0], "7.051850820883833": [-40.6, -40.7, -40.9, -40.8, -40.3, -40.1, -40.8, -40.9, -40.6, -40.6], "12.34394993508966": [-42.5, -42.6, -42.9, -43.0, -43.0, -42.9, -43.0, -43.0, -42.9, -43.0], "10.588512643426364": [-40.9, -40.6, -40.1, -40.4, -40.3, -40.5, -40.3, -40.2, -40.0, -40.2], "5.4904098207693": [-26.0, -25.6, -26.0, -25.6, -25.5, -25.6, -26.1, -25.6, -26.0, -26.0], "10.104880009183681": [-46.0, -45.6, -46.3, -46.1, -45.7, -45.3, -45.6, -45.7, -44.8, -45.1], "7.705621324721322": [-35.2, -35.1, -35.1, -35.2, -34.9, -35.0, -34.8, -34.8, -34.4, -34.6], "5.845981525800436": [-33.0, -33.1, -32.7, -33.1, -33.0, -33.1, -32.8, -32.9, -33.1, -33.1], "11.081904168508226": [-49.4, -50.6, -49.2, -48.8, -48.6, -49.1, -48.1, -48.6, -50.1, -48.5], "9.546130105964407": [-44.5, -45.2, -44.8, -45.5, -45.0, -45.4, -44.7, -45.2, -45.0, -45.4], "7.7730688920142725": [-40.1, -41.6, -42.2, -45.6, -45.7, -43.9, -43.6, -42.5, -42.6, -41.8], "7.254481373606248": [-34.3, -33.0, -33.0, -32.9, -33.0, -33.3, -35.2, -34.7, -35.0, -35.0]}, "D": {"12.486873107387614": [-44.0, -44.3, -44.9, -45.2, -44.8, -45.0, -45.4, -45.6, -45.4, -45.2], "7.915737489330985": [-46.2, -50.7, -49.5, -48.7, -48.7, -44.8, -41.7, -42.0, -42.2, -42.0], "7.98060148109151": [-39.0, -38.6, -39.0, -38.7, -38.9, -38.6, -38.7, -39.1, -38.9, -38.7], "3.3791862925858354": [-39.6, -40.5, -39.7, -39.7, -40.0, -39.9, -39.9, -39.4, -39.8, -39.4], "14.243416022850697": [-48.0, -48.8, -49.1, -49.3, -48.7, -48.8, -48.2, -48.8, -48.7, -48.9], "7.5890710894021804": [-42.5, -44.9, -44.8, -44.0, -44.3, -43.7, -43.5, -43.5, -42.9, -46.1], "9.734988443752771": [-49.3, -48.9, -49.9, -48.7, -49.1, -49.4, -49.6, -49.5, -50.0, -49.8], "9.559602502196418": [-55.2, -55.4, -55.6, -55.1, -55.8, -54.7, -55.1, -55.0, -54.7, -53.3], "6.157434530711633": [-43.8, -43.2, -44.1, -43.6, -43.6, -43.9, -43.8, -43.2, -43.8, -43.5], "7.89746794865291": [-47.3, -47.3, -46.9, -47.0, -47.7, -48.3, -48.5, -49.4, -49.0, -49.1], "8.467939536864916": [-44.3, -43.6, -44.0, -44.2, -44.2, -43.9, -43.8, -43.3, -43.8, -44.0], "10.223252906976331": [-42.3, -42.9, -42.6, -41.4, -41.0, -42.0, -42.2, -42.5, -42.5, -42.2], "14.892833847189728": [-53.4, -53.3, -52.9, -52.7, -54.2, -54.2, -54.1, -54.0, -53.3, -54.6], "11.691791992675888": [-58.6, -58.8, -59.9, -58.9, -58.6, -58.9, -59.1, -58.4, -58.7, -58.7], "10.894861173966376": [-50.7, -51.3, -51.3, -51.5, -52.1, -52.0, -52.6, -52.2, -51.3, -52.0], "6.615957980519526": [-42.2, -42.7, -43.0, -43.1, -43.1, -42.9, -42.1, -43.1, -42.4, -42.9],